config,sharpe,cagr,max_dd
Baseline (Momentum + Naive EW),-3.0888738284690542,-0.42424035828813356,-0.35442177745125447
+ HRP,-2.9298406245835387,-0.41529215694853705,-0.34810275803315
+ Macro Regime,-2.9298406245835387,-0.41529215694853705,-0.34810275803315
+ NLP (Full Stack),-2.9298406245835387,-0.41529215694853705,-0.34810275803315
